{"cameraMode":{"drawMode":0,"name":"Shaded","section":"Shading Mode"},"sceneLighting":true,"audioPlay":false,"sceneViewState":{"showFog":true,"showMaterialUpdate":true,"showSkybox":true,"showFlares":true,"showImageEffects":true,"showParticleSystems":true},"in2DMode":false,"pivot":{"x":12.48233413696289,"y":1.9011738300323487,"z":5.15899133682251},"rotation":{"x":0.12920553982257844,"y":0.025287648662924768,"z":-0.003168150084093213,"w":0.9913402199745178},"size":20.417980194091798,"orthographic":true}