{"cameraMode":{"drawMode":0,"name":"Shaded","section":"Shading Mode"},"sceneLighting":true,"audioPlay":false,"sceneViewState":{"showFog":true,"showMaterialUpdate":false,"showSkybox":true,"showFlares":true,"showImageEffects":true,"showParticleSystems":true},"in2DMode":false,"pivot":{"x":-4.568155765533447,"y":9.732015609741211,"z":-2.698427200317383},"rotation":{"x":-0.19812484085559846,"y":-0.02382930926978588,"z":0.0048596556298434738,"w":-0.9799061417579651},"size":21.086238861083986,"orthographic":false}