{"cameraMode":{"drawMode":0,"name":"Shaded","section":"Shading Mode"},"sceneLighting":true,"audioPlay":false,"sceneViewState":{"showFog":true,"showMaterialUpdate":true,"showSkybox":true,"showFlares":true,"showImageEffects":true,"showParticleSystems":true},"in2DMode":false,"pivot":{"x":11.50638198852539,"y":11.765453338623047,"z":1.4286974668502808},"rotation":{"x":-0.3982086181640625,"y":0.07426337897777558,"z":-0.03293798118829727,"w":-0.9138059616088867},"size":15.83875560760498,"orthographic":true}