{"cameraMode":{"drawMode":0,"name":"Shaded","section":"Shading Mode"},"sceneLighting":false,"audioPlay":false,"sceneViewState":{"showFog":true,"showMaterialUpdate":true,"showSkybox":true,"showFlares":true,"showImageEffects":true,"showParticleSystems":true},"in2DMode":false,"pivot":{"x":-0.000003039836883544922,"y":1.2251648902893067,"z":2.086162567138672e-7},"rotation":{"x":0.17764069139957429,"y":-0.7200530767440796,"z":0.19974462687969209,"w":0.6403732895851135},"size":4.417501449584961,"orthographic":true}