{"cameraMode":{"drawMode":0,"name":"Shaded","section":"Shading Mode"},"sceneLighting":false,"audioPlay":false,"sceneViewState":{"showFog":true,"showMaterialUpdate":true,"showSkybox":true,"showFlares":true,"showImageEffects":true,"showParticleSystems":true},"in2DMode":false,"pivot":{"x":-0.19570446014404298,"y":7.185937404632568,"z":-0.3245549201965332},"rotation":{"x":0.0937013030052185,"y":-0.16116143763065339,"z":0.015406833030283451,"w":0.9823818802833557},"size":44.07718276977539,"orthographic":true}