{"cameraMode":{"drawMode":0,"name":"Shaded","section":"Shading Mode"},"sceneLighting":false,"audioPlay":false,"sceneViewState":{"showFog":true,"showMaterialUpdate":true,"showSkybox":true,"showFlares":true,"showImageEffects":true,"showParticleSystems":true},"in2DMode":false,"pivot":{"x":7.380000114440918,"y":27.389999389648439,"z":-18.73499870300293},"rotation":{"x":-0.49016499519348147,"y":0.018307754769921304,"z":-0.01029528584331274,"w":-0.871381402015686},"size":4.829534530639648,"orthographic":false}