{"cameraMode":{"drawMode":0,"name":"Shaded","section":"Shading Mode"},"sceneLighting":false,"audioPlay":false,"sceneViewState":{"showFog":true,"showMaterialUpdate":false,"showSkybox":true,"showFlares":true,"showImageEffects":true,"showParticleSystems":true},"in2DMode":false,"pivot":{"x":-1.91241455078125,"y":11.788198471069336,"z":2.0718915462493898},"rotation":{"x":-0.2834640443325043,"y":-0.12129127979278565,"z":0.03620240092277527,"w":-0.9506165981292725},"size":55.402069091796878,"orthographic":true}