{"cameraMode":{"drawMode":0,"name":"Shaded","section":"Shading Mode"},"sceneLighting":true,"audioPlay":false,"sceneViewState":{"showFog":true,"showMaterialUpdate":true,"showSkybox":true,"showFlares":true,"showImageEffects":true,"showParticleSystems":true},"in2DMode":false,"pivot":{"x":12.908687591552735,"y":3.896778106689453,"z":10.120119094848633},"rotation":{"x":0.398698091506958,"y":-0.3022206127643585,"z":0.1415576934814453,"w":0.854313313961029},"size":17.392066955566408,"orthographic":true}