{"cameraMode":{"drawMode":0,"name":"Shaded","section":"Shading Mode"},"sceneLighting":true,"audioPlay":false,"sceneViewState":{"showFog":true,"showMaterialUpdate":true,"showSkybox":true,"showFlares":true,"showImageEffects":true,"showParticleSystems":true},"in2DMode":false,"pivot":{"x":6.0863142013549809,"y":4.983880996704102,"z":10.12635612487793},"rotation":{"x":0.49033117294311526,"y":0.1277012676000595,"z":-0.07172265648841858,"w":0.8592771291732788},"size":17.093461990356447,"orthographic":true}