{"cameraMode":{"drawMode":0,"name":"Shaded","section":"Shading Mode"},"sceneLighting":true,"audioPlay":false,"sceneViewState":{"showFog":true,"showMaterialUpdate":true,"showSkybox":true,"showFlares":true,"showImageEffects":true,"showParticleSystems":true},"in2DMode":false,"pivot":{"x":10.201787948608399,"y":3.332050085067749,"z":6.570659160614014},"rotation":{"x":-0.49016499519348147,"y":0.018307754769921304,"z":-0.01029528584331274,"w":-0.871381402015686},"size":21.182388305664064,"orthographic":false}