{"cameraMode":{"drawMode":0,"name":"Shaded","section":"Shading Mode"},"sceneLighting":true,"audioPlay":false,"sceneViewState":{"showFog":true,"showMaterialUpdate":true,"showSkybox":true,"showFlares":true,"showImageEffects":true,"showParticleSystems":true},"in2DMode":false,"pivot":{"x":10.294238090515137,"y":11.761232376098633,"z":-6.303940296173096},"rotation":{"x":0.33846843242645266,"y":-0.008464818820357323,"z":0.003056126646697521,"w":0.9409520626068115},"size":9.593459129333496,"orthographic":true}