{"cameraMode":{"drawMode":0,"name":"Shaded","section":"Shading Mode"},"sceneLighting":false,"audioPlay":false,"sceneViewState":{"showFog":true,"showMaterialUpdate":true,"showSkybox":true,"showFlares":true,"showImageEffects":true,"showParticleSystems":true},"in2DMode":false,"pivot":{"x":0.37683963775634768,"y":4.865395545959473,"z":-1.5647048950195313},"rotation":{"x":0.0937013030052185,"y":-0.16116143763065339,"z":0.015406833030283451,"w":0.9823818802833557},"size":38.55735397338867,"orthographic":true}