{"cameraMode":{"drawMode":0,"name":"Shaded","section":"Shading Mode"},"sceneLighting":false,"audioPlay":false,"sceneViewState":{"showFog":true,"showMaterialUpdate":true,"showSkybox":true,"showFlares":true,"showImageEffects":true,"showParticleSystems":true},"in2DMode":false,"pivot":{"x":-0.24045491218566895,"y":5.935530185699463,"z":-0.5534195899963379},"rotation":{"x":0.0937013030052185,"y":-0.16116143763065339,"z":0.015406833030283451,"w":0.9823818802833557},"size":41.683528900146487,"orthographic":true}